row,id,partition
845,25283,train
3744,43734,train
4183,47113,train
3409,56996,train
284,26325,train
4796,67159,train
1283,52150,train
3656,16536,train
2485,53328,train
1282,45788,train
3960,13870,train
2313,59200,train
724,60983,train
3455,4297,train
5042,40220,train
282,33759,train
1570,43271,train
3942,60926,train
125,50522,train
1149,15746,train
3040,1218,train
1417,44179,train
2451,47937,train
5043,19692,train
4754,41600,train
4454,51512,train
4722,54395,train
1021,36484,train
128,37132,train
122,13491,train
1017,33142,train
497,37832,train
980,55599,train
120,68798,train
4886,60562,train
4880,65376,train
4257,24854,train
2834,49084,train
3157,17771,train
1953,30285,train
3365,59671,train
4182,27119,train
1221,59147,train
4772,13960,train
4958,63986,train
3813,57209,train
1558,57798,train
746,25315,train
4340,44662,train
280,29908,train
988,50843,train
4320,30002,train
3131,45175,train
3969,33185,train
4892,24299,train
1275,59604,train
3091,20169,train
2900,31019,train
1760,69524,train
2631,13116,train
1447,35332,train
5091,6369,train
1915,25199,train
3560,18205,train
1887,40878,train
2828,42545,train
4598,23765,train
2125,46363,train
4239,26884,train
1866,25305,train
1890,2824,train
745,44583,train
4178,46454,train
3649,18866,train
3915,34895,train
1746,29804,train
1190,47585,train
176,62466,train
2152,50238,train
173,2182,train
3920,26197,train
1798,24229,train
3156,22098,train
1195,38649,train
4588,51958,train
4784,70497,train
2546,7476,train
407,36007,train
4879,32617,train
3681,347,train
1958,60266,train
1616,12318,train
800,51125,train
1238,5447,train
3937,27675,train
2600,44112,train
102,45277,train
151,46703,train
1458,63577,train
2643,30145,train
5109,44679,train
1231,69355,train
1460,13736,train
4475,60675,train
4483,62798,train
2913,23890,train
2455,6239,train
430,53144,train
3784,41858,train
30,43717,train
3183,15020,train
56,38829,train
87,71796,train
2162,41501,train
1527,25559,train
2421,33674,train
1200,62783,train
4563,2267,train
303,18518,train
2118,22370,train
266,24447,train
3209,49554,train
899,68438,train
3981,69404,train
825,33400,train
1406,51339,train
3447,24355,train
1611,14832,train
713,51422,train
2012,34261,train
3252,65988,train
84,70042,train
5078,27446,train
1750,7222,train
479,15649,train
4522,22282,train
2662,57308,train
2880,45139,train
3044,17198,train
1056,58203,train
441,56716,train
3843,51797,train
3331,10511,train
2123,58591,train
346,49713,train
4842,47383,train
1991,13749,train
4152,12857,train
1302,56090,train
4388,54127,train
4551,61830,train
2694,41730,train
2674,48017,train
2895,56855,train
4358,33924,train
2533,45627,train
4943,54067,train
4173,11872,train
2708,41042,train
3825,72784,train
2964,26605,train
4585,16566,train
5014,30463,train
3126,61787,train
1805,48769,train
74,19773,train
4008,50372,train
1751,13561,train
3398,44243,train
4343,35210,train
3418,38938,train
2885,30927,train
4848,15593,train
1768,70241,train
1678,14481,train
1207,22440,train
2707,46498,train
2742,50681,train
4526,2424,train
68,6118,train
1089,69143,train
3220,69379,train
3760,59663,train
292,44338,train
216,2390,train
2128,56420,train
4523,21110,train
1747,33906,train
436,22091,train
3018,35437,train
4054,50073,train
1471,937,train
2413,35296,train
3948,27948,train
172,67432,train
2150,31372,train
1938,13503,train
1107,66678,train
3287,49753,train
603,61408,train
2084,16847,train
4105,39236,train
2493,7658,train
1139,32733,train
1257,5821,train
4431,72562,train
5071,52652,train
1949,40371,train
1031,22902,train
1225,28150,train
3169,10523,train
921,32554,train
3363,51385,train
1082,59894,train
412,44749,train
630,39745,train
711,47523,train
1813,42465,train
3593,34966,train
763,18888,train
1414,47622,train
4305,31911,train
4153,40980,train
3875,56476,train
286,36811,train
2739,2538,train
4477,64864,train
1562,54264,train
4664,37507,train
3256,31850,train
2141,43590,train
623,46891,train
1752,29179,train
978,37349,train
1474,21491,train
2541,61252,train
48,35626,train
1537,15310,train
3277,2633,train
3601,54962,train
2905,63236,train
113,41069,train
4033,29539,train
3994,8009,train
2883,4793,train
2866,13375,train
1844,70654,train
1546,29095,train
3219,20391,train
4295,57645,train
1891,12376,train
4333,24783,train
1442,50373,train
5094,28048,train
4222,27416,train
388,10504,train
1919,72497,train
2029,30850,train
2248,24518,train
2893,52164,train
4768,62182,train
4653,53115,train
1299,33526,train
2279,62834,train
180,54567,train
4771,26250,train
1338,47537,train
478,71585,train
4962,20274,train
532,31564,train
3334,56282,train
5061,38009,train
4984,1503,train
3848,21238,train
271,47175,train
517,33123,train
1923,44177,train
22,68794,train
717,40791,train
2719,49229,train
350,28333,train
2227,13818,train
1426,51109,train
718,54304,train
3036,25674,train
4961,3720,train
4311,52619,train
634,2532,train
1700,5686,train
2618,10273,train
2306,39956,train
2240,54985,train
3374,8790,train
1793,11024,train
466,1307,train
2825,58235,train
2388,51275,train
797,42710,train
2241,6049,train
580,32437,train
4868,29734,train
1582,24218,train
588,15311,train
4616,5774,train
522,16380,train
1340,65849,train
424,20546,train
2869,23600,train
1157,3532,train
4673,49833,train
414,10913,train
2250,42599,train
3749,70230,train
1873,48069,train
3529,7780,train
538,43134,train
2733,45931,train
1989,36518,train
4157,47410,train
1559,37759,train
274,70336,train
3443,2730,train
2969,41250,train
3312,68965,train
1510,29327,train
577,24592,train
984,6090,train
2358,1275,train
3197,37213,train
2723,31360,train
4102,30129,train
3613,17251,train
4438,39796,train
325,4480,train
354,21284,train
445,61465,train
2256,32974,train
2292,36589,train
1992,21521,train
1281,728,train
1628,5799,train
3494,10323,train
4727,69047,train
1521,17078,train
2004,32270,train
904,56089,train
4228,45372,train
530,6855,train
100,12363,train
3882,63836,train
2992,52236,train
5013,23026,train
1324,132,train
225,39186,train
308,40181,train
1165,30944,train
1113,38678,train
2384,21206,train
2568,18890,train
886,13948,train
3402,21653,train
1766,16582,train
2605,35152,train
1975,6596,train
2265,53957,train
1699,37451,train
2188,42830,train
4581,15728,train
771,46745,train
2689,4679,train
2394,21804,train
4359,10135,train
4335,3700,train
4572,20237,train
3499,7092,train
1178,55775,train
2639,51524,train
4947,7453,train
1354,35188,train
968,3673,train
396,2374,train
645,11068,train
3315,32110,train
700,38184,train
2333,77,train
1068,24437,train
1792,71869,train
3754,18943,train
4610,72725,train
3587,14000,train
2967,2579,train
3970,7057,train
4459,5714,train
0,9046,train
2143,66051,train
127,70943,train
3566,65507,train
959,56986,train
3017,33009,train
3865,50638,train
4048,64433,train
4757,44655,train
2212,62289,train
3671,37038,train
2709,35069,train
1419,24674,train
2537,19769,train
1357,47159,train
2633,72819,train
3352,50434,train
336,32689,train
2497,46653,train
4645,25783,train
4,1665,train
2822,15601,train
2129,39531,train
574,15095,train
34,14248,train
1198,1191,train
1360,47357,train
246,27153,train
269,29217,train
914,71591,train
2554,72369,train
2499,61676,train
5027,62416,train
3548,48883,train
3438,31701,train
881,49928,train
3004,17725,train
1542,24219,train
2768,2885,train
4322,32669,train
549,15791,train
3125,31161,train
1170,20162,train
2257,5863,train
1097,34326,train
4135,51823,train
3891,53748,train
3644,8719,train
1787,41935,train
3861,38069,train
3272,34077,train
1263,50947,train
4025,40242,train
909,5475,train
256,41413,train
3066,13270,train
311,6319,train
3879,24920,train
4680,16136,train
1445,47330,train
1653,17079,train
3874,51584,train
3221,34778,train
2411,3793,train
4505,35217,train
4213,49762,train
743,26235,train
2774,21438,train
72,27169,train
1289,53967,train
1290,34772,train
3068,9160,train
3930,38613,train
2042,47701,train
1670,34720,train
3743,3718,train
1848,11566,train
1044,66752,train
1528,11770,train
5066,40112,train
114,71639,train
796,64732,train
2108,60210,train
2160,65962,train
2165,49627,train
4355,38207,train
2732,52242,train
3717,68420,train
1152,54540,train
3959,37608,train
2293,28651,train
3716,44831,train
1436,71318,train
600,8544,train
576,56179,train
3750,68721,train
4910,37622,train
1592,30116,train
1162,38804,train
1073,66530,train
1586,40931,train
4327,42806,train
1722,26826,train
1450,70259,train
4260,36710,train
4568,42400,train
3870,65888,train
2025,60963,train
2375,12469,train
3275,70973,train
798,46683,train
3565,68302,train
3407,10243,train
3421,3003,train
3093,27721,train
859,40970,train
3067,38067,train
4175,5294,train
1032,69622,train
1398,33983,train
1158,41291,train
3422,34543,train
4830,50222,train
2501,61848,train
1062,61973,train
3801,18876,train
3234,56635,train
3912,61050,train
123,44033,train
3159,34356,train
4529,62715,train
2126,36377,train
4204,7047,train
4524,71622,train
4666,21973,train
2917,11702,train
3332,42481,train
4726,46015,train
2886,966,train
4849,11098,train
1329,40571,train
870,28024,train
1651,47947,train
2278,65632,train
2937,53121,train
4264,69732,train
1641,50889,train
1543,49023,train
979,44281,train
4601,25927,train
3888,29201,train
3143,66435,train
2456,35378,train
1635,37082,train
4930,63575,train
109,59125,train
1502,15219,train
51,15102,train
2254,15255,train
4375,33560,train
3470,54101,train
903,8008,train
3430,8264,train
1663,20460,train
2571,68138,train
4825,66014,train
1217,39467,train
3117,15230,train
3444,51116,train
1889,27799,train
1036,12097,train
3607,57598,train
4926,21292,train
1758,27279,train
1204,41565,train
3413,27916,train
3662,47949,train
3425,6731,train
1461,43913,train
2111,49254,train
3736,70874,train
1464,15987,train
2482,2822,train
2645,30790,train
2561,49760,train
3263,22052,train
632,36355,train
2502,56228,train
437,5010,train
2428,6480,train
1734,49645,train
4266,18696,train
4939,46086,train
132,69551,train
2749,29789,train
705,63409,train
667,62999,train
2192,26084,train
1118,30989,train
1272,45669,train
3511,62983,train
4196,52447,train
4129,11312,train
4404,1552,train
1006,6355,train
1105,66321,train
874,70852,train
928,41097,train
2498,1099,train
691,43196,train
1756,15515,train
2985,55567,train
4087,2109,train
1659,32776,train
4929,29487,train
1725,24782,train
976,52549,train
1861,42713,train
1087,16147,train
107,12062,train
4189,58477,train
4989,25860,train
4520,59908,train
1153,20973,train
3319,53924,train
2713,63029,train
4058,35772,train
654,30567,train
698,14391,train
3079,575,train
783,14387,train
1411,29375,train
4274,55361,train
3330,48129,train
5067,65814,train
1435,49976,train
2902,60276,train
3074,72231,train
3632,61333,train
2338,54301,train
4334,22515,train
4516,64435,train
4990,21743,train
2189,34721,train
5019,37713,train
200,54695,train
2477,24096,train
3061,49883,train
373,34402,train
1608,9011,train
2133,40471,train
2122,24885,train
1391,42703,train
1961,6537,train
4417,6422,train
1084,35866,train
841,12106,train
1134,47848,train
4746,52882,train
4875,14785,train
1007,10762,train
1906,1741,train
1705,29104,train
4955,61376,train
1245,32884,train
575,11960,train
1359,36226,train
3,60182,train
103,4712,train
3854,11692,train
559,36561,train
4304,13172,train
3404,22194,train
1627,53909,train
4970,8145,train
2381,55051,train
3951,2467,train
813,37545,train
1286,12618,train
4124,49509,train
1715,35143,train
3585,12906,train
110,56546,train
1687,55235,train
2587,48303,train
1373,20938,train
3010,34590,train
2540,14372,train
1239,27145,train
2654,29173,train
4141,45817,train
5050,15581,train
3047,40602,train
2613,44142,train
1333,58101,train
4773,56573,train
372,10159,train
2286,2860,train
2378,45259,train
4470,47802,train
4083,45485,train
839,2543,train
1470,52559,train
4953,68094,train
3818,52897,train
1673,30290,train
702,41673,train
1078,4813,train
364,71038,train
2849,40548,train
4600,50804,train
1020,12396,train
420,20351,train
635,52512,train
1438,11232,train
417,22320,train
211,62439,train
607,9906,train
878,61742,train
2630,61836,train
2379,63779,train
2991,5780,train
2653,34935,train
1485,46284,train
469,5835,train
2357,39308,train
3383,52234,train
2315,6206,train
5100,68398,train
4889,6517,train
433,12985,train
3690,59292,train
4628,38658,train
2472,36547,train
752,30550,train
2705,60255,train
4565,52960,train
1522,23836,train
2048,39139,train
3105,2877,train
2151,55262,train
4093,69120,train
3775,4707,train
2034,64393,train
3966,3094,train
2794,49537,train
950,54769,train
4450,65103,train
3907,2702,train
3458,13276,train
2700,54756,train
5022,25326,train
2158,62456,train
344,61837,train
3325,8168,train
2804,51342,train
2780,44472,train
305,49003,train
3524,59451,train
4887,22013,train
4447,41942,train
4720,8111,train
2327,38432,train
4884,50663,train
2593,70537,train
557,62936,train
4280,67711,train
2028,23240,train
3713,48652,train
3847,66083,train
2838,30622,train
2277,37150,train
3103,23171,train
3740,5380,train
1310,54184,train
2860,59335,train
848,50826,train
2581,29872,train
3090,44927,train
202,8580,train
3461,15241,train
3961,4655,train
12,12175,train
930,37290,train
1491,45297,train
191,66071,train
3124,65413,train
2899,33976,train
3380,71424,train
206,37060,train
3526,16774,train
3045,70884,train
4815,43208,train
4312,36162,train
221,68023,train
3631,46903,train
3222,49270,train
2452,66882,train
3434,27518,train
1319,16260,train
1446,42191,train
2199,4671,train
1484,17762,train
647,7291,train
850,41615,train
679,68131,train
4891,18636,train
1695,61096,train
3707,4128,train
4981,61801,train
3450,60088,train
2824,15539,train
933,19681,train
1027,49265,train
4672,63880,train
1511,48609,train
1506,64132,train
1599,10603,train
2099,46261,train
106,42072,train
2033,60126,train
861,11709,train
898,62716,train
2652,71304,train
2553,45751,train
3811,22860,train
3918,19931,train
828,22540,train
742,33723,train
4150,47456,train
3146,13358,train
4818,36969,train
1620,12915,train
2712,55607,train
1080,9051,train
5048,28788,train
1741,41007,train
3734,51852,train
4351,63915,train
3583,35155,train
2457,54012,train
1013,45824,train
2220,57774,train
4509,8022,train
1800,28998,train
4159,9189,train
2020,56584,train
101,63973,train
4265,61238,train
4002,35039,train
2016,25919,train
556,58439,train
1273,65339,train
1839,25883,train
4803,338,train
2054,13964,train
4975,42297,train
2669,59915,train
1712,31835,train
4542,32126,train
806,55529,train
1142,61338,train
3580,1656,train
4828,42091,train
696,31840,train
4281,53105,train
2113,35402,train
695,45796,train
546,42359,train
4348,40705,train
2066,42161,train
2530,45469,train
1972,65697,train
3799,2029,train
5089,56714,train
2854,9107,train
3862,48871,train
209,33454,train
4097,34660,train
614,12465,train
827,32352,train
4697,3612,train
4176,10870,train
3288,71719,train
1429,13062,train
4798,68306,train
4185,54871,train
2467,7892,train
2260,47600,train
4379,17238,train
1001,46875,train
330,59368,train
2186,20565,train
4410,34900,train
1048,49279,train
3896,13859,train
1494,7586,train
4451,6472,train
535,56998,train
99,4639,train
4671,15387,train
4528,8920,train
4518,56254,train
734,3325,train
4290,34026,train
3481,23851,train
1136,35231,train
2564,6174,train
4669,29078,train
1288,39123,train
2562,61821,train
4657,21852,train
4515,31426,train
4702,24381,train
4074,71659,train
3682,61336,train
749,34612,train
1473,66893,train
3227,14517,train
3839,14407,train
4650,68074,train
579,8328,train
3680,8614,train
1622,65801,train
5009,40732,train
3358,14063,train
1565,61924,train
179,65105,train
1280,35293,train
3635,43549,train
1632,57485,train
1303,38350,train
3535,29792,train
1323,52306,train
3392,11371,train
1049,53815,train
2659,70886,train
2270,62951,train
1831,17515,train
802,4970,train
2402,37655,train
3245,71597,train
1030,69330,train
2049,4838,train
1671,9489,train
4925,25931,train
2154,51343,train
59,5111,train
1067,55862,train
2622,47196,train
4117,37993,train
4428,46079,train
3863,63420,train
585,50118,train
4472,43487,train
1381,62272,train
1092,67603,train
1389,68235,train
236,28493,train
2968,71061,train
203,28484,train
1131,22363,train
4540,6202,train
93,37726,train
1028,6606,train
2921,47810,train
2580,69510,train
3823,63725,train
2175,48435,train
1710,61365,train
3433,45961,train
4707,51486,train
3354,54574,train
3934,44628,train
3840,887,train
1181,782,train
4208,60602,train
2888,30627,train
1407,69259,train
1639,15969,train
1372,17398,train
4006,19849,train
2056,17492,train
3684,25676,train
2953,32202,train
2490,48406,train
568,55138,train
142,8045,train
353,4630,train
4900,34084,train
2977,40870,train
1163,72861,train
2168,45040,train
1969,15752,train
1232,5858,train
2542,15251,train
2163,47582,train
985,46385,train
134,20387,train
4665,50557,train
1963,49480,train
1188,16837,train
5037,69710,train
1175,8598,train
4695,46514,train
2715,60003,train
5103,22127,train
2418,16812,train
3637,70268,train
4688,40041,train
1613,49789,train
3974,10541,train
3469,62306,train
1215,61983,train
257,15266,train
3895,41049,train
663,10997,train
2000,44391,train
345,9487,train
4301,52172,train
3919,57302,train
5105,18234,train
3949,45673,train
572,40448,train
1201,10133,train
4377,8553,train
1849,72108,train
3012,38724,train
622,39601,train
1829,59370,train
4858,1696,train
858,16110,train
4203,751,train
4819,48118,train
3599,44886,train
2046,48453,train
1753,5511,train
778,10572,train
2853,53195,train
1808,53126,train
3144,3442,train
3837,27854,train
1422,40237,train
4743,51100,train
1623,59953,train
692,12593,train
1305,17639,train
1443,51124,train
2015,69339,train
144,17308,train
300,65199,train
2420,68141,train
2867,37526,train
2494,35997,train
4309,72491,train
4674,43773,train
90,28291,train
168,44993,train
3715,17337,train
3899,45260,train
4136,23439,train
3310,70392,train
3154,63280,train
4829,66067,train
1692,8470,train
1814,24638,train
4056,65379,train
2743,71327,train
1059,5824,train
4337,49955,train
4398,7054,train
3901,71417,train
3133,26997,train
3873,72041,train
1723,45713,train
853,62332,train
1066,54782,train
4214,23449,train
767,62382,train
4226,7538,train
3378,62090,train
1268,16355,train
3086,10981,train
2841,4913,train
2843,52410,train
3394,27125,train
1911,1151,train
1574,36620,train
3152,20094,train
1362,21042,train
3243,11111,train
1189,2750,train
1764,50978,train
4915,38771,train
4217,6599,train
738,53336,train
4920,45404,train
2320,22386,train
618,71533,train
3381,44759,train
385,13547,train
687,7745,train
1353,20370,train
3285,56189,train
3108,53252,train
3963,49400,train
1642,56459,train
3164,1681,train
4325,30650,train
1930,28309,train
3397,6289,train
4023,37761,train
3239,53141,train
1976,46577,train
2816,10351,train
2602,16652,train
739,56831,train
3132,71192,train
4765,42626,train
4069,12693,train
3136,51897,train
1395,48648,train
4080,50206,train
383,22537,train
4086,60896,train
541,63606,train
4147,2580,train
148,72081,train
5023,57034,train
4922,63650,train
1990,35651,train
3489,57539,train
4378,5654,train
3251,14877,train
3123,49848,train
840,45289,train
3337,32317,train
775,5046,train
1159,53943,train
2714,2919,train
1856,2209,train
1355,28716,train
1682,14711,train
4503,20979,train
2423,10886,train
4085,33064,train
2360,1505,train
5040,5121,train
2636,13764,train
597,40639,train
4251,39977,train
1577,6304,train
706,9752,train
836,40350,train
3106,37011,train
1617,54553,train
649,48265,train
1626,35829,train
2756,47730,train
1939,41536,train
4207,25636,train
675,13223,train
608,65130,train
3326,30405,train
425,6107,train
255,52800,train
4554,11908,train
1005,3437,train
141,45965,train
3630,20140,train
547,20751,train
2565,68224,train
785,17813,train
69,7371,train
4511,21830,train
270,72911,train
3753,62791,train
1321,50650,train
201,68627,train
1536,25454,train
78,45805,train
4786,30335,train
589,53660,train
2367,9013,train
1966,49775,train
4453,59522,train
2253,1329,train
2759,18671,train
1762,38578,train
454,15296,train
4794,57979,train
1495,26452,train
2223,59130,train
3931,27660,train
3792,44259,train
1724,37660,train
5041,44878,train
957,59684,train
503,51112,train
3835,37086,train
2139,50837,train
4275,50141,train
1228,6419,train
1276,22488,train
1347,15757,train
2702,23332,train
2024,3429,train
3356,2972,train
1767,28500,train
2022,15647,train
2334,17466,train
1572,39714,train
2826,21162,train
459,48272,train
4843,14036,train
3764,52340,train
3647,14249,train
1881,67063,train
4580,18930,train
5101,36901,train
1656,53610,train
994,24174,train
2856,58833,train
3399,40167,train
3019,37253,train
3881,65944,train
3212,54177,train
2045,57236,train
3542,34657,train
2252,57813,train
1322,35913,train
1812,12366,train
2761,1225,train
4749,58610,train
3264,24836,train
4386,28873,train
3122,44375,train
2373,43090,train
4382,46503,train
4049,70106,train
4658,24711,train
2517,64029,train
4776,62075,train
4084,32023,train
4044,72512,train
2348,23946,train
1513,8085,train
4550,65351,train
1192,39518,train
3038,54297,train
4911,44813,train
1978,21724,train
2610,35022,train
1424,65970,train
4166,51651,train
2052,32320,train
2857,4309,train
2281,21036,train
4425,71551,train
680,29873,train
3911,71596,train
506,63958,train
2258,10584,train
4055,52439,train
4571,37192,train
5035,49773,train
1550,25935,train
2368,60158,train
3722,55766,train
838,39375,train
2242,13380,train
20,70630,train
3773,31454,train
404,55810,train
2649,42412,train
1412,62452,train
4555,24955,train
32,39373,train
526,65574,train
4455,53821,train
264,25774,train
1826,16091,train
1652,51149,train
1421,14563,train
1375,14241,train
4486,44992,train
4649,9995,train
2627,24058,train
4365,11632,train
2666,33952,train
4300,60455,train
3462,31344,train
18,27458,train
2596,58107,train
1950,39011,train
4432,63773,train
701,13997,train
2487,44325,train
4027,58577,train
294,34974,train
3170,39322,train
4487,50009,train
2060,68816,train
3342,68193,train
890,72310,train
3276,44986,train
3790,72284,train
1784,6802,train
188,30184,train
963,4083,train
1335,28904,train
3226,71414,train
2156,42047,train
3884,44642,train
3595,4449,train
4464,56961,train
1640,17752,train
2481,20257,train
3654,24068,train
4861,65907,train
2936,72867,train
4169,71057,train
3386,5068,train
1630,3154,train
3190,7700,train
4167,39940,train
831,30102,train
2044,66431,train
218,25904,train
2559,56746,train
1382,5878,train
3586,24961,train
4928,65469,train
5083,72914,train
4927,25391,train
781,28910,train
1948,44938,train
2471,58257,train
1180,46643,train
3626,23360,train
60,10710,train
4795,54437,train
3804,37631,train
949,20044,train
3975,48169,train
2393,54172,train
621,42553,train
3391,63898,train
1088,18306,train
4715,38642,train
4980,19601,train
851,14147,train
3048,65116,train
2237,64817,train
196,58267,train
470,46474,train
3762,49900,train
3745,41917,train
261,63884,train
5068,49598,train
1187,35140,train
2823,22254,train
2026,67689,train
1453,4692,train
2395,50402,train
4888,39936,train
3174,38900,train
2376,58820,train
4633,72289,train
2656,56857,train
1554,36679,train
281,45222,train
4631,10445,train
1850,35117,train
2848,66464,train
2289,33284,train
3983,7638,train
2200,17295,train
3203,54053,train
1000,60663,train
2782,66794,train
821,25458,train
3355,39342,train
1430,47770,train
126,3352,train
288,70970,train
1863,33692,train
3232,20375,train
931,54620,train
1313,38123,train
4491,47057,train
674,22870,train
4512,26594,train
4558,22614,train
897,33551,train
570,17148,train
1980,69249,train
1343,54526,train
360,54312,train
2202,65419,train
1222,18192,train
4865,65998,train
565,55424,train
2307,7683,train
4116,4117,train
3021,18143,train
2802,47501,train
4637,34138,train
2117,8770,train
3271,53271,train
4390,15464,train
612,46809,train
4992,64652,train
486,50441,train
4718,22477,train
2190,5157,train
1754,20825,train
3351,58466,train
1634,22623,train
4916,31189,train
932,42108,train
735,52808,train
888,820,train
2470,20740,train
2699,25088,train
4708,18263,train
1879,10238,train
2531,41284,train
96,35512,train
3247,64498,train
3636,2903,train
3711,55375,train
4791,43803,train
1327,51285,train
833,54643,train
609,27794,train
11,12095,train
2832,52225,train
233,23368,train
2404,40213,train
3273,42330,train
769,55386,train
3991,6019,train
3189,22290,train
4932,5951,train
4143,62167,train
2829,48359,train
3049,70455,train
3134,33532,train
3814,66581,train
3742,29546,train
3250,36958,train
4197,23238,train
3346,7953,train
3871,62986,train
3474,65407,train
1039,34281,train
4414,13768,train
2815,50215,train
4317,69528,train
2362,60258,train
2737,9442,train
65,17013,train
3859,13857,train
2132,14479,train
1252,46576,train
4362,56575,train
2960,1666,train
646,62233,train
3412,26604,train
2500,38131,train
2688,70928,train
1374,21850,train
328,29865,train
2328,49666,train
3908,11208,train
3701,46130,train
3508,65154,train
1946,60001,train
3954,62990,train
917,34857,train
902,47950,train
4751,60603,train
4289,21407,train
4948,66405,train
4168,8122,train
4028,59916,train
3253,50001,train
2093,54997,train
2336,9026,train
1361,33167,train
4461,8543,train
4706,44647,train
4202,23194,train
1468,42460,train
1959,70965,train
204,62019,train
332,21130,train
2161,47521,train
3233,29017,train
324,30171,train
1380,13504,train
2432,29855,train
4497,37440,train
2935,68568,train
4468,19814,train
2748,21517,train
5074,30379,train
1182,63565,train
780,42441,train
1267,43088,train
4583,37515,train
1977,63455,train
3923,21101,train
5099,7293,train
3198,59992,train
2851,205,train
1432,12687,train
4812,41875,train
540,39383,train
3135,33704,train
2779,35276,train
956,2879,train
1713,4099,train
501,68483,train
4353,35999,train
1260,9696,train
4396,56277,train
867,63058,train
3301,50428,train
171,60739,train
733,9612,train
4903,56629,train
3982,42700,train
4144,16627,train
4422,1847,train
736,41513,train
2389,3115,train
2879,53646,train
3867,9335,train
4874,11898,train
85,32399,train
3449,18266,train
4113,51828,train
730,11176,train
3393,13155,train
1214,32157,train
1269,43172,train
703,27796,train
4998,39229,train
4489,16263,train
4154,47668,train
3987,19324,train
1970,45915,train
3084,52847,train
413,46468,train
3606,14872,train
492,12982,train
4836,35446,train
2858,55462,train
3584,46314,train
856,71929,train
2747,63144,train
2509,24361,train
2970,53923,train
1825,23561,train
2484,34896,train
3179,23893,train
1871,21608,train
4504,46048,train
3001,4213,train
2124,44777,train
714,56870,train
3486,70833,train
799,58909,train
453,31830,train
3624,12117,train
3360,4753,train
5029,66951,train
2396,36317,train
3817,19043,train
4851,47348,train
2678,30678,train
2095,4635,train
2505,30491,train
431,3655,train
1851,22967,train
3344,54776,train
3000,34999,train
3567,63949,train
2031,66080,train
3652,29352,train
1488,57953,train
1864,29232,train
4972,57710,train
1904,39849,train
1943,4627,train
4111,38894,train
4636,54378,train
334,16934,train
1824,34621,train
2919,65473,train
3582,48323,train
4729,9143,train
4433,53998,train
19,25226,train
2082,69069,train
4597,40842,train
3903,23850,train
1146,50371,train
58,58631,train
2863,42681,train
896,48755,train
3955,1737,train
4035,30248,train
42,61960,train
4121,50210,train
4298,25051,train
3872,61409,train
595,39639,train
4942,31409,train
4535,33102,train
2529,22056,train
1490,16949,train
664,12738,train
2173,38143,train
1498,4559,train
1735,54347,train
3042,37096,train
4446,47799,train
754,13367,train
2887,62923,train
2086,15415,train
4247,70318,train
3858,59540,train
3191,40503,train
302,7282,train
5015,50140,train
1099,23565,train
2626,12134,train
2963,50283,train
2383,3715,train
342,31091,train
5080,22691,train
2577,18595,train
3230,27493,train
4004,54240,train
4676,56185,train
4384,917,train
3849,70992,train
4255,3318,train
1952,48364,train
1957,16061,train
583,25483,train
5086,65411,train
1457,40253,train
3546,21025,train
2560,54072,train
4936,25982,train
4480,56979,train
1707,38036,train
2268,35085,train
4191,24262,train
2680,67483,train
2435,2244,train
164,3512,train
536,14712,train
1363,71062,train
2588,31473,train
3029,28932,train
232,68356,train
401,49465,train
1128,10370,train
5084,29540,train
4578,64155,train
39,62602,train
5020,6278,train
4368,61987,train
1859,59250,train
1141,30352,train
4075,52305,train
1962,41827,train
1666,44010,train
3674,26539,train
3946,8041,train
1858,42184,train
651,12662,train
2116,63219,train
1827,63597,train
2322,57903,train
3883,46729,train
598,31090,train
5030,28335,train
480,11974,train
67,72366,train
4539,37289,train
991,66494,train
468,28645,train
4991,25833,train
1459,11726,train
3059,121,train
3659,42594,train
3564,9879,train
2273,23223,train
757,6886,train
4017,64159,train
927,36638,train
4332,72940,train
2890,27566,train
670,53010,train
3192,47917,train
4399,72393,train
3497,8240,train
677,67932,train
4624,27276,train
3466,18040,train
590,56553,train
5026,50091,train
1843,24603,train
3664,18187,train
1120,67052,train
5075,63997,train
1840,43657,train
4973,12487,train
4371,62296,train
2372,43827,train
1841,71917,train
289,42203,train
3493,40076,train
3809,4959,train
3932,33790,train
843,19153,train
3976,64202,train
3953,22352,train
1680,70752,train
3372,16109,train
3786,27300,train
4667,53346,train
3009,19364,train
1672,28725,train
1223,14049,train
3299,71447,train
777,49624,train
1035,10313,train
2998,32203,train
4822,43821,train
170,28939,train
4045,56195,train
1496,16378,train
1603,43672,train
1703,69553,train
1351,67350,train
740,52580,train
3769,71548,train
1342,5103,train
3259,13899,train
277,36275,train
1349,65388,train
1681,52419,train
4307,53219,train
4969,67940,train
3641,9923,train
3518,5223,train
1234,37053,train
4508,24163,train
1174,51162,train
543,65144,train
2131,30731,train
4704,23911,train
533,26028,train
2945,3428,train
2791,49120,train
4494,49261,train
394,5708,train
4838,5131,train
362,49916,train
523,9729,train
2938,33779,train
323,52134,train
339,40840,train
2836,25525,train
5039,42007,train
563,47811,train
1386,51959,train
2608,67112,train
2466,44962,train
4445,32638,train
3726,32514,train
3539,63423,train
2811,33247,train
2648,641,train
2,31112,train
4850,12015,train
279,67210,train
482,32361,train
73,50784,train
996,53279,train
2228,34661,train
1010,84,train
3777,47563,train
5106,44873,train
505,71238,train
5090,4211,train
4323,17174,train
1247,28414,train
2018,1473,train
4519,17478,train
1285,67814,train
3328,42348,train
1138,1893,train
601,27377,train
4478,55244,train
892,65766,train
974,11973,train
174,40899,train
2995,4750,train
3141,57896,train
3677,29816,train
4747,54344,train
1116,65453,train
1865,70122,train
1569,5777,train
2397,44676,train
4807,47662,train
2363,63450,train
3869,14019,train
1801,19805,train
2523,30953,train
4699,19611,train
5093,32235,train
54,8752,train
3329,38560,train
2462,27626,train
1726,63416,train
1423,36523,train
1489,30746,train
4933,8690,train
4606,27507,train
1996,14287,train
2647,66264,train
4367,52247,train
4163,19907,train
3857,18437,train
807,12204,train
2187,59993,train
4913,8175,train
3692,64508,train
1832,23988,train
939,16556,train
3621,7003,train
1807,8760,train
643,33528,train
1476,59412,train
1743,62793,train
310,45538,train
4007,43282,train
5032,67426,train
224,8899,train
2062,64006,train
2615,59669,train
4821,62471,train
5107,19723,train
2408,40837,train
863,16809,train
3249,56606,train
3609,70365,train
181,66204,train
1147,32687,train
913,17733,train
2061,16129,train
3338,9948,train
2741,16433,train
4806,69723,train
1857,38673,train
427,52342,train
826,67078,train
3261,6011,train
3217,3379,train
4277,55337,train
2282,55566,train
1893,46864,train
676,57523,train
1250,70031,train
1081,28669,train
4621,4403,train
3307,3205,train
4258,22330,train
4370,31708,train
2422,30432,train
2671,16481,train
3588,23047,train
1441,36858,train
4575,52368,train
3416,65526,train
4127,44047,train
3142,21917,train
615,64849,train
2039,59737,train
272,4057,train
1444,13191,train
2556,52826,train
3757,30201,train
4513,14789,train
3290,38070,train
389,37090,train
4769,12037,train
276,45801,train
2355,61764,train
3415,45787,train
355,49421,train
2616,69900,train
2361,31887,train
3687,25630,train
4029,44526,train
4647,7564,train
873,17245,train
3767,458,train
1029,23031,train
2901,4699,train
3758,38284,train
4537,18283,train
1736,4861,train
3724,64189,train
1610,71721,train
3024,69834,train
2864,33697,train
2735,21547,train
121,72918,train
819,66220,train
4220,35941,train
2119,25930,train
1668,71044,train
2110,67890,train
2339,170,train
1605,39286,train
2460,4709,train
2528,91,train
4877,57254,train
998,37830,train
2350,20256,train
3178,64597,train
3200,61017,train
4938,61868,train
2344,12557,train
3246,22804,train
2871,53489,train
124,14164,train
391,9637,train
3898,14417,train
4801,57612,train
1598,63663,train
2619,30824,train
3824,19675,train
3904,17791,train
4308,7924,train
145,67981,train
2345,2846,train
41,1261,train
189,66955,train
2458,69835,train
3523,52579,train
1047,13319,train
515,67733,train
1216,72268,train
3558,15824,train
1493,27013,train
3324,46854,train
1306,1678,train
1899,34525,train
2912,3477,train
4687,63022,train
3880,72818,train
3423,21762,train
444,17291,train
3400,38078,train
4871,59911,train
295,71379,train
91,51169,train
528,41800,train
1259,27583,train
2686,50485,train
49,36338,train
4051,52530,train
4993,45710,train
4810,37865,train
4506,11816,train
3496,37395,train
1837,5478,train
1728,42082,train
1278,44192,train
3729,59880,train
2019,66546,train
2918,50508,train
2999,27436,train
4101,54497,train
4237,66690,train
2947,51085,train
1816,9170,train
377,71539,train
2516,18820,train
3545,71097,train
4809,71222,train
3257,14288,train
1783,38858,train
4904,22417,train
4013,36388,train
3655,57602,train
4985,37431,train
285,65460,train
4098,11713,train
5049,29028,train
3933,50845,train
5024,70718,train
1085,51907,train
3107,355,train
544,545,train
1086,7250,train
846,12270,train
3990,70661,train
4654,27623,train
2701,19590,train
5033,19508,train
3629,7859,train
1818,19467,train
2430,63912,train
416,27029,train
1130,11105,train
527,17019,train
428,59906,train
193,69112,train
2391,35974,train
4604,46691,train
1437,42201,train
2291,48875,train
2897,5477,train
2008,67099,train
2295,32166,train
162,69768,train
1045,11691,train
1862,16066,train
900,41148,train
3686,2291,train
244,17739,train
2515,54807,train
721,19234,train
1137,59734,train
4314,21067,train
4318,56594,train
3298,42999,train
2283,46923,train
2098,65093,train
2353,27849,train
4909,70540,train
4066,53694,train
945,65256,train
5051,16738,train
3705,11658,train
1249,71319,train
4557,724,train
1242,44224,train
3069,52843,train
1339,45945,train
169,210,train
2727,24832,train
3387,65277,train
975,23633,train
2736,42305,train
4576,66786,train
369,8171,train
1050,42856,train
4283,43656,train
3050,41618,train
3657,6639,train
1933,31806,train
1211,69177,train
868,54071,train
616,39659,train
4079,40568,train
4833,14918,train
208,54921,train
4870,59847,train
321,39038,train
1665,35432,train
1022,60047,train
4999,14189,train
1037,58037,train
4108,4631,train
946,62709,train
3429,31925,train
2932,48455,train
1,51676,train
794,21688,train
160,50931,train
3384,46461,train
3610,57219,train
4594,28611,train
918,34995,train
1686,37698,train
156,43054,train
2211,59928,train
320,22284,train
1951,1460,train
3414,60249,train
2079,55522,train
2907,62059,train
662,23551,train
23,64778,train
1530,8096,train
1796,11238,train
3218,41146,train
3002,71669,train
1905,7344,train
2852,54805,train
2058,34396,train
787,13683,train
4957,875,train
4934,32147,train
3083,2814,train
318,68614,train
3950,50810,train
483,41523,train
423,67431,train
3667,3777,train
2668,43039,train
3925,51894,train
1674,13723,train
1601,49152,train
3274,69487,train
3578,22272,train
4060,68330,train
2312,57549,train
4988,30525,train
390,60148,train
1122,69224,train
516,9201,train
5034,65405,train
1251,23604,train
1011,8521,train
1790,64523,train
3927,56137,train
4977,56233,train
1183,13602,train
1847,12600,train
2582,1924,train
4205,68020,train
2729,42393,train
4148,11891,train
665,57772,train
2971,54139,train
4076,9602,train
2215,19439,train
3215,21534,train
426,50305,train
2787,8106,train
3709,1454,train
384,50611,train
4595,15061,train
4997,11145,train
1566,18141,train
816,64582,train
16,56112,train
2550,38541,train
564,61511,train
3472,37634,train
3575,25130,train
1337,55315,train
750,8320,train
1579,30214,train
4663,6264,train
298,28526,train
2650,65693,train
2975,59718,train
3437,33115,train
3819,16329,train
810,23016,train
4802,37029,train
3928,25900,train
1003,1821,train
2210,63362,train
1023,16542,train
2724,19335,train
3062,68242,train
2572,50363,train
4835,63323,train
770,22685,train
1431,32459,train
1867,66110,train
648,36814,train
2491,3761,train
2071,61242,train
4995,5964,train
4344,49930,train
1227,7516,train
3388,52679,train
1026,6793,train
3999,67055,train
4560,6605,train
1071,14178,train
673,54338,train
4760,50975,train
4342,15978,train
4735,35660,train
1845,49485,train
832,49521,train
837,33410,train
3534,53897,train
278,11577,train
610,48993,train
3033,21192,train
1995,32016,train
4860,70396,train
1593,52034,train
3109,3553,train
964,59336,train
3333,59872,train
3537,45112,train
1507,52987,train
4869,72715,train
4225,14658,train
1595,2898,train
2868,59454,train
617,24183,train
4844,25942,train
3100,60056,train
447,48368,train
4347,31092,train
111,48405,train
4206,11325,train
3101,31156,train
1117,9415,train
2197,69623,train
3752,5731,train
4270,2647,train
919,3606,train
2341,10649,train
1297,321,train
3877,45983,train
2038,12064,train
4640,5927,train
2881,38354,train
329,54918,train
2623,67724,train
4109,9912,train
3138,3370,train
1054,4842,train
3964,38132,train
1123,13323,train
1782,11412,train
1717,5043,train
708,49744,train
4739,61505,train
3703,12380,train
340,10449,train
1328,14349,train
4510,10950,train
3571,49661,train
405,37031,train
5011,844,train
2683,16856,train
3206,11792,train
2595,12228,train
1534,71322,train
2369,15579,train
1316,45048,train
260,64908,train
571,721,train
1219,51159,train
212,31179,train
2660,27693,train
178,33486,train
4065,60732,train
4533,44799,train
2872,42284,train
658,21117,train
3202,14489,train
901,14924,train
3663,41362,train
45,19824,train
2417,49555,train
4678,55545,train
4190,53636,train
1657,48210,train
3596,54726,train
1987,72311,train
2922,38737,train
1761,28443,train
545,36331,train
5054,52677,train
2440,12336,train
689,5892,train
138,29281,train
3778,63729,train
1154,56245,train
3829,6171,train
2074,63511,train
3561,71420,train
4493,59691,train
669,66184,train
3025,56311,train
1243,533,train
518,21713,train
1901,56019,train
1098,42329,train
4193,59126,train
2949,59988,train
2001,12741,train
3973,61757,train
4457,50070,train
136,55824,train
1014,61838,train
4689,6924,train
1465,57166,train
3099,70602,train
906,71896,train
953,13622,train
3547,69020,train
3513,67411,train
4091,43698,train
1093,66772,train
2067,16938,train
2614,364,train
267,49589,train
1979,29863,train
4248,15422,train
4603,54206,train
1774,57109,train
755,33585,train
4762,27509,train
3382,21953,train
2808,40951,train
4766,2578,train
5062,11184,train
2672,15018,train
3719,49095,train
3728,54816,train
2911,16587,train
926,17006,train
4209,51856,train
1191,37404,train
3836,71396,train
2877,5464,train
2891,6368,train
152,32503,train
3628,72398,train
3260,23730,train
477,22470,train
1954,21472,train
4094,25510,train
4212,51476,train
1226,8727,train
3938,6903,train
519,22622,train
1944,47208,train
1755,67144,train
1585,34664,train
1508,17827,train
4846,27801,train
3193,30303,train
402,31143,train
3296,64742,train
4602,41970,train
4053,40255,train
4816,54324,train
560,44912,train
4246,59027,train
104,33175,train
1711,12512,train
1383,62767,train
3608,70022,train
951,57372,train
3345,45701,train
1057,65053,train
2244,50295,train
756,49785,train
4419,31703,train
398,70374,train
4415,32726,train
4703,8037,train
3188,8976,train
792,50053,train
893,42482,train
2583,67243,train
2522,44494,train
3806,53217,train
4553,69059,train
452,23221,train
567,61697,train
952,30605,train
4543,56322,train
707,72882,train
1600,40544,train
1332,66310,train
2433,22136,train
448,36471,train
4394,10321,train
3971,48244,train
9,60491,train
3464,55740,train
5028,5288,train
3868,38830,train
3043,38243,train
4538,4929,train
3262,14376,train
1532,19735,train
3939,35463,train
1940,17441,train
1788,17926,train
4261,29267,train
4400,68059,train
764,45283,train
1519,18070,train
1452,12992,train
2337,54590,train
2069,29388,train
4586,30836,train
683,15274,train
4986,53697,train
2590,18996,train
3785,15742,train
4732,16420,train
4931,30457,train
997,61715,train
3297,48518,train
1909,61178,train
456,66196,train
860,28933,train
2107,68333,train
1482,11447,train
2346,61219,train
4831,41214,train
3148,6032,train
4733,7529,train
2511,35893,train
762,40055,train
399,15528,train
3549,71297,train
4659,21967,train
2798,28108,train
3339,35182,train
2710,61103,train
1300,37327,train
2088,7394,train
4626,21678,train
1090,61769,train
349,1506,train
2406,40977,train
4426,13846,train
4514,46670,train
4562,70428,train
2063,51845,train
1235,2082,train
805,99,train
1410,21381,train
3476,20890,train
3003,36803,train
4617,13307,train
4110,43028,train
316,72214,train
605,31364,train
116,60744,train
1210,7055,train
3600,26076,train
1523,5296,train
1646,31461,train
1921,727,train
3648,30693,train
4409,1953,train
3347,65508,train
5097,64520,train
3544,56755,train
4156,37728,train
3541,18891,train
4187,67356,train
393,52173,train
351,62608,train
4866,5875,train
2690,15070,train
2271,43244,train
3480,56469,train
4834,55457,train
4852,44155,train
36,47269,train
2386,3113,train
3838,53759,train
4692,11169,train
2229,64895,train
2153,2868,train
842,10792,train
3965,50136,train
2632,48146,train
2931,51497,train
1797,54946,train
784,31956,train
720,18430,train
4324,2818,train
1702,897,train
2551,23748,train
4164,40163,train
4181,42760,train
4788,31227,train
4374,51329,train
421,530,train
1070,42550,train
830,65218,train
319,1686,train
2321,1077,train
2574,39683,train
4234,36087,train
2096,3305,train
460,2893,train
241,52282,train
4078,72011,train
3173,66841,train
3201,61699,train
4817,51110,train
4003,46141,train
2552,18790,train
4352,10166,train
4607,68209,train
3452,49939,train
1688,20468,train
1690,44171,train
3295,29955,train
2053,14889,train
2185,53990,train
2326,29258,train
381,69936,train
296,58261,train
602,3361,train
175,14431,train
1370,30677,train
2027,31689,train
768,59521,train
3980,11192,train
3902,37479,train
4180,62395,train
4713,2044,train
1025,17869,train
5088,22190,train
1291,43124,train
429,59729,train
3071,50805,train
2658,61979,train
358,66333,train
3077,18986,train
2201,55466,train
1151,43268,train
4302,69647,train
40,4651,train
434,38119,train
2818,14976,train
4052,768,train
4423,12900,train
3797,41962,train
312,68249,train
3266,25613,train
3878,16079,train
3058,57183,train
4001,60774,train
2914,3803,train
795,60777,train
626,5353,train
2513,63303,train
4462,45279,train
4967,12677,train
4841,7581,train
4691,25878,train
2876,11327,train
2664,61339,train
5058,48425,train
525,29933,train
4036,39769,train
2764,20292,train
2910,5681,train
4919,11962,train
2679,57904,train
4146,71151,train
4899,70267,train
1821,38440,train
248,43424,train
3651,63562,train
4974,16513,train
1016,62668,train
2479,30186,train
4363,43138,train
3185,21523,train
1763,66502,train
1448,49341,train
183,8003,train
2670,4727,train
177,36841,train
3660,59045,train
2655,26474,train
2746,35315,train
2534,4174,train
1604,25107,train
3411,15104,train
3350,3348,train
2584,3494,train
2547,55526,train
462,18498,train
2496,8646,train
3327,1301,train
1296,6928,train
4721,15282,train
2232,42040,train
1155,9225,train
2766,59359,train
2665,24965,train
2778,50903,train
3815,17347,train
237,36857,train
1650,16488,train
3078,51177,train
1876,57618,train
2948,60586,train
1541,57917,train
1304,6040,train
2489,29229,train
4134,18178,train
1772,66647,train
1197,26031,train
3540,187,train
3765,2327,train
3176,1183,train
213,66866,train
1698,6879,train
1833,34958,train
3956,26357,train
4188,70670,train
291,11014,train
1253,31293,train
875,60957,train
4199,63404,train
2047,8031,train
105,2346,train
2447,51254,train
1910,48226,train
1110,28127,train
1693,42743,train
35,712,train
3431,448,train
235,1210,train
2448,59164,train
2169,56791,train
3111,11817,train
3816,58422,train
2057,1499,train
4642,56021,train
4235,27480,train
495,34299,train
4946,61694,train
3456,20399,train
512,27757,train
1246,55744,train
883,24099,train
3475,50723,train
4118,57765,train
941,58999,train
2570,67667,train
3194,63864,train
4449,47144,train
2990,5032,train
4982,949,train
348,28102,train
1111,20347,train
2017,71978,train
929,36618,train
847,49949,train
297,67318,train
4808,58495,train
971,9648,train
307,42807,train
408,14123,train
3821,56778,train
2629,72915,train
2717,23659,train
3800,13993,train
2340,52554,train
2503,4949,train
4170,67921,train
3807,56712,train
3691,52051,train
4570,34416,train
3783,11250,train
3887,9926,train
685,28848,train
2790,2707,train
1345,2275,train
5098,579,train
4131,57322,train
1745,33462,train
4684,49894,train
2318,23176,train
3405,16010,train
3501,59506,train
593,59807,train
2845,20290,train
4971,39393,train
2951,11392,train
3506,55455,train
3852,27818,train
4062,26330,train
4088,27705,train
4444,38617,train
2837,9730,train
2014,62817,train
1012,72779,train
1083,18684,train
1974,56889,train
4883,22147,train
2255,65680,train
2966,14695,train
2799,50536,train
4195,10018,train
2070,65109,train
2548,452,train
4881,1731,train
1544,51020,train
2771,11969,train
3794,37446,train
3320,70674,train
2506,43478,train
3007,3135,train
146,41241,train
2855,65196,train
5079,42709,train
2847,2393,train
548,34641,train
982,54747,train
1937,72096,train
2507,25443,train
3944,69183,train
801,29077,train
2011,25818,train
3615,68843,train
3175,18180,train
3788,65748,train
803,58291,train
4165,62738,train
4349,28513,train
2444,68725,train
2081,5355,train
688,20541,train
263,67855,train
4273,1192,train
1689,14677,train
4421,5647,train
4730,64879,train
4686,16029,train
3445,22607,train
1676,60104,train
4429,7871,train
2342,28258,train
4216,41263,train
3808,10055,train
1869,7885,train
4780,33370,train
1870,60050,train
2308,9197,train
471,69687,train
4279,26025,train
1799,29934,train
2030,38920,train
4393,63804,train
3914,15098,train
1298,21857,train
1364,32723,train
1350,60816,train
4200,13540,train
820,71793,train
2972,32430,train
3517,56286,train
2269,43872,train
697,58767,train
4856,31254,train
2023,59933,train
2744,46699,train
552,68275,train
476,63050,train
2419,63665,train
854,25488,train
1365,49646,train
1775,3591,train
3688,38575,train
4573,60635,train
660,61013,train
1135,71440,train
2673,49702,train
3027,36366,train
4161,59272,train
3812,6960,train
4753,61881,train
2896,43837,train
1730,27135,train
3089,69918,train
682,61300,train
3270,72082,train
2236,20673,train
4501,24246,train
2359,34336,train
693,51514,train
1287,28952,train
2606,70081,train
1779,18861,train
1994,8882,train
1402,11148,train
3781,42628,train
2198,40378,train
1748,43510,train
4171,12834,train
4589,45285,train
2772,42929,train
709,49086,train
2259,38675,train
2226,35602,train
4527,24736,train
520,6726,train
935,25287,train
3085,60235,train
4037,28778,train
1886,61171,train
2426,41244,train
3642,28091,train
337,56357,train
4532,43035,train
961,16402,train
3313,53843,train
3484,41404,train
2882,15566,train
2675,15313,train
3827,45565,train
4077,68407,train
4752,808,train
4155,72792,train
15,58202,train
2989,60117,train
3030,67521,train
4441,47356,train
2776,13440,train
4895,28717,train
1997,60139,train
157,59437,train
4878,30658,train
1739,33768,train
367,69064,train
4020,43024,train
2203,34448,train
3627,28447,train
1624,60973,train
370,28286,train
869,67405,train
1629,43772,train
4655,70823,train
2473,559,train
1828,57533,train
4823,7218,train
722,52454,train
4229,63043,train
2464,68685,train
2745,25248,train
4901,20258,train
2174,54296,train
1662,51883,train
3340,5655,train
1504,9076,train
4331,49605,train
3555,47309,train
2475,4400,train
2959,38263,train
4272,50412,train
619,35565,train
3890,15937,train
1212,33162,train
1420,72361,train
678,10255,train
290,55680,train
1973,65229,train
1810,38242,train
4271,60934,train
1872,32150,train
4063,24022,train
2465,28711,train
2903,24420,train
747,58227,train
4293,69222,train
578,67744,train
2681,5646,train
4728,39706,train
4341,38661,train
238,1836,train
2316,28227,train
4243,53954,train
4402,841,train
3700,56075,train
4482,40447,train
1279,16114,train
458,31164,train
2624,23488,train
3435,51106,train
3095,25642,train
4373,16446,train
4564,25476,train
3211,28027,train
3115,39784,train
3789,44635,train
3650,36909,train
1538,10245,train
4151,56139,train
1237,16449,train
3459,1260,train
341,38805,train
1258,22295,train
2349,56312,train
4115,10626,train
63,19557,train
4095,60416,train
465,621,train
4126,13902,train
1169,39661,train
1274,60399,train
3064,56255,train
4656,5173,train
3696,53476,train
3514,5455,train
710,40866,train
432,11999,train
4022,42159,train
1714,26893,train
2352,58599,train
1114,29380,train
1729,51660,train
2366,43903,train
2469,12279,train
3291,50455,train
993,33401,train
2262,61743,train
86,3253,train
4019,52838,train
1368,62340,train
3589,6827,train
4569,36210,train
3436,42251,train
1301,55976,train
3559,32103,train
4759,41527,train
239,32221,train
158,66258,train
3104,42309,train
4369,64416,train
2272,31198,train
2483,18072,train
3158,11803,train
729,1246,train
1248,25767,train
4541,24106,train
2925,45099,train
1588,15166,train
301,43454,train
1781,29221,train
1515,72474,train
2820,33085,train
4177,15062,train
2443,61418,train
2303,20316,train
566,36942,train
4611,18605,train
555,37629,train
2607,72340,train
513,31279,train
4138,2692,train
4710,45922,train
1589,49815,train
1584,6372,train
3569,35648,train
1133,65667,train
3866,43892,train
1984,31999,train
686,27012,train
4142,66306,train
2637,2005,train
2176,42212,train
5053,43496,train
5036,57159,train
3056,10744,train
1145,19996,train
129,48796,train
3361,62076,train
2641,21971,train
2915,34068,train
499,7696,train
5004,27435,train
4622,33051,train
835,68281,train
1615,33525,train
1317,30084,train
4700,47216,train
4439,12345,train
4770,21963,train
4872,13583,train
4750,16902,train
591,30480,train
4043,22554,train
2194,49970,train
1336,6563,train
2431,37483,train
1649,40393,train
882,52688,train
3675,25325,train
4634,30433,train
4548,53426,train
2317,35229,train
2578,64912,train
631,13517,train
2789,61785,train
43,1845,train
17,34120,train
639,63693,train
3525,56875,train
3097,13629,train
1583,69792,train
117,7547,train
387,9608,train
2172,3842,train
4954,64661,train
2525,13465,train
1230,59878,train
4767,55975,train
422,55351,train
4785,58652,train
3850,20376,train
1794,46035,train
1401,2772,train
2569,58936,train
4921,4062,train
2755,35106,train
3683,27647,train
1553,54858,train
1609,38043,train
4660,36793,train
2785,12449,train
4145,34285,train
3076,50499,train
3679,18181,train
3053,10436,train
2803,16863,train
227,39105,train
3708,36825,train
2974,32457,train
4224,21366,train
992,42786,train
944,44105,train
779,55847,train
1479,43059,train
2332,61000,train
3619,52859,train
3278,21834,train
1590,1625,train
361,21408,train
2906,6324,train
4976,63656,train
627,44300,train
4233,18352,train
1161,47414,train
3427,55370,train
2285,2265,train
1900,13755,train
2695,38761,train
3796,57667,train
2239,13988,train
4693,44355,train
1661,63491,train
4651,8385,train
4574,32571,train
4862,49451,train
4064,45622,train
435,3355,train
3947,68171,train
3488,57968,train
4227,52092,train
2762,40264,train
4253,40998,train
1255,6044,train
1804,34719,train
27,61843,train
411,27213,train
3678,47784,train
3988,18827,train
2164,63938,train
1947,44503,train
5055,11630,train
2603,32445,train
4252,14553,train
4014,49272,train
64,7356,train
3162,2296,train
335,28799,train
4857,27922,train
1106,53817,train
732,31308,train
1811,68708,train
198,18937,train
1512,4833,train
3505,69750,train
2003,69482,train
4458,41654,train
599,64174,train
3952,64165,train
1892,72435,train
4738,68981,train
4492,34045,train
2091,24404,train
2677,45461,train
4068,28734,train
3568,62475,train
3570,72276,train
166,63453,train
219,31421,train
3490,17745,train
1218,20282,train
3645,58154,train
4882,38441,train
1034,9641,train
521,17242,train
1376,43905,train
1427,5984,train
2140,67941,train
877,10782,train
694,15553,train
143,37651,train
1481,10943,train
1065,72642,train
4336,53802,train
760,37413,train
3741,20154,train
581,44315,train
4820,4607,train
493,66570,train
3314,5236,train
3323,8410,train
1344,67309,train
562,45238,train
1456,41402,train
4140,6805,train
1156,45955,train
1552,24567,train
3294,50726,train
5046,21467,train
2579,68382,train
14,5317,train
1967,25777,train
2801,760,train
1691,70344,train
514,25099,train
3940,172,train
2628,15117,train
3611,28344,train
987,28122,train
3284,7979,train
250,30468,train
1075,3509,train
1960,56736,train
4712,18020,train
4120,18398,train
5108,37544,train
1732,24272,train
1475,51806,train
4107,28435,train
4082,7129,train
3155,14551,train
2222,72701,train
3860,57924,train
249,30669,train
531,5374,train
776,71442,train
1061,8332,train
4873,22897,train
1385,3184,train
4326,3013,train
592,31988,train
2035,69285,train
4010,69847,train
1731,54058,train
3856,39556,train
4452,27596,train
4782,53896,train
4987,67012,train
659,50491,train
657,20364,train
3509,36298,train
2752,42041,train
4221,64931,train
2563,65481,train
4914,61528,train
3037,33035,train
1256,62284,train
2697,19199,train
1993,27163,train
3072,10826,train
4536,59405,train
1619,43675,train
4679,60899,train
4734,54022,train
4599,66287,train
2325,55465,train
4041,14993,train
3503,62384,train
3661,31608,train
2859,51746,train
3620,55631,train
596,52063,train
573,58007,train
3672,4528,train
4070,17683,train
2434,66637,train
2835,61889,train
1055,58138,train
4397,33657,train
1786,54579,train
3439,21661,train
4824,23427,train
4132,28011,train
3977,7069,train
2488,8579,train
3633,7403,train
4442,27859,train
983,2751,train
699,22321,train
3557,57405,train
1916,66490,train
3223,55407,train
2878,56995,train
3978,52050,train
2195,72414,train
969,44481,train
727,50811,train
2821,13386,train
4456,51532,train
712,63561,train
3054,16550,train
2769,59743,train
10,12109,train
5003,63158,train
534,71808,train
1803,24876,train
2926,22221,train
5073,17231,train
2370,8563,train
2730,17951,train
275,66767,train
2621,55856,train
4071,36155,train
1077,15220,train
2941,18366,train
2382,2520,train
2539,42172,train
2323,22108,train
1718,2513,train
4474,16629,train
4605,37553,train
2597,28647,train
3283,247,train
1985,34133,train
3482,30571,train
4297,50410,train
4122,52461,train
4725,28348,train
4499,56547,train
3473,22548,train
4949,2138,train
4832,72386,train
1271,11882,train
1060,6965,train
1594,35584,train
3577,6529,train
3052,26103,train
1669,1842,train
3855,25070,train
1999,42500,train
1878,27479,train
1696,19239,train
2557,42556,train
804,18616,train
2813,10973,train
3909,4077,train
2943,3980,train
1738,71016,train
3267,71496,train
8,27419,train
4128,34184,train
4670,24873,train
1740,62681,train
990,66922,train
1660,8960,train
192,36255,train
3166,8117,train
1455,72132,train
1209,22566,train
3362,6665,train
3791,20217,train
4906,72696,train
1571,46210,train
1352,40124,train
1439,14709,train
3704,15324,train
923,72020,train
1706,26862,train
790,22384,train
1038,45323,train
2601,56645,train
5018,19826,train
243,40460,train
2032,57263,train
352,40670,train
4502,29276,train
2138,9644,train
1875,39242,train
4232,63026,train
3638,11003,train
1648,48964,train
4783,21980,train
4620,34940,train
3237,70297,train
4158,56450,train
2109,11573,train
725,14615,train
3014,35716,train
2264,58086,train
1348,38523,train
3552,36896,train
1486,1405,train
1920,16783,train
21,13861,train
3522,13173,train
880,13571,train
3228,69050,train
4778,48127,train
507,34511,train
636,3579,train
2830,54815,train
3240,16145,train
4894,53323,train
3996,24201,train
1040,7990,train
1132,46072,train
4186,48824,train
197,35684,train
3370,46767,train
44,7937,train
4587,68060,train
4460,2304,train
3236,22896,train
1683,26366,train
3989,68291,train
2078,36946,train
1236,48073,train
309,66174,train
885,47885,train
625,21886,train
55,25831,train
690,66883,train
3897,24257,train
3204,38348,train
1896,47972,train
3554,1323,train
537,23094,train
3092,31481,train
1924,2421,train
2661,59762,train
3998,62396,train
2770,11544,train
4287,51408,train
554,60902,train
4694,31113,train
2085,15873,train
3311,37025,train
1378,7806,train
995,60211,train
3006,68089,train
293,20980,train
1809,18179,train
214,2548,train
2142,29014,train
2722,28364,train
440,56681,train
1334,22969,train
672,31145,train
4292,18833,train
3041,57210,train
2781,23587,train
3446,11595,train
4876,45163,train
4496,72184,train
217,29552,train
791,24108,train
2135,53422,train
3774,15663,train
3676,69462,train
728,16575,train
4329,46647,train
934,6988,train
4705,31596,train
262,37893,train
1487,38493,train
2364,35178,train
2425,67758,train
66,17004,train
2976,4948,train
70,70676,train
1636,64541,train
2726,63936,train
4789,5581,train
1838,26830,train
1535,72337,train
2706,38796,train
2934,9079,train
4338,2456,train
3702,7730,train
2916,60145,train
92,66315,train
1773,39450,train
2446,42225,train
1518,49057,train
2793,64972,train
5045,19801,train
4690,22590,train
1855,23459,train
1284,26172,train
1557,34312,train
4840,4795,train
3167,49849,train
4032,46343,train
3235,4280,train
2819,28183,train
2536,36196,train
3772,61827,train
4354,8964,train
4042,59054,train
3377,71099,train
4194,31697,train
167,43364,train
1462,41870,train
1908,20129,train
524,56974,train
2013,64128,train
4268,63333,train
1697,70447,train
415,51983,train
3171,53265,train
1638,48614,train
3720,46292,train
3727,9866,train
1677,48722,train
487,16927,train
1667,50841,train
3528,25811,train
2840,65895,train
4530,70615,train
3776,55885,train
4641,44233,train
2508,52519,train
150,11933,train
2685,62414,train
1770,45573,train
5076,39935,train
1815,58587,train
1358,26242,train
3556,34161,train
5064,66684,train
2209,394,train
1472,41271,train
4137,12594,train
782,10381,train
2928,57609,train
500,34668,train
2797,7665,train
442,65946,train
2424,62629,train
1292,51916,train
5021,15517,train
1196,53266,train
3737,34287,train
1413,68650,train
4805,3623,train
2476,68524,train
25,70822,train
3598,4850,train
1981,8968,train
793,69427,train
115,53401,train
4567,9394,train
970,10538,train
2532,20112,train
4039,7233,train
1400,31849,train
3114,67032,train
46,37937,train
3732,56923,train
1704,58438,train
4863,68601,train
4717,68417,train
1393,39258,train
317,37089,train
2299,12849,train
2387,62126,train
3151,50489,train
97,56841,train
82,26727,train
4681,11843,train
3441,57777,train
2638,8616,train
4552,71777,train
2663,3701,train
2205,924,train
2657,13529,train
638,5545,train
4630,28803,train
4330,6625,train
834,29134,train
3492,69789,train
2555,7171,train
1004,44978,train
488,28265,train
4057,38605,train
1836,1818,train
1701,4789,train
1194,542,train
3495,23514,train
2146,7868,train
1428,46373,train
1625,68739,train
587,55709,train
1193,70678,train
1008,58567,train
943,35222,train
2518,72703,train
2831,6233,train
2445,464,train
1685,36722,train
954,12686,train
3502,43397,train
1185,26389,train
3665,8983,train
2064,30692,train
2213,59464,train
2651,3746,train
2263,3879,train
3195,24177,train
4896,53028,train
1988,18704,train
2833,50463,train
2810,37299,train
2182,63401,train
1108,56734,train
314,11120,train
2251,68370,train
4951,59945,train
1575,49495,train
4245,7653,train
2274,38474,train
331,65836,train
3478,42859,train
3841,13328,train
1643,34163,train
2127,15440,train
3798,25495,train
3241,41593,train
240,10548,train
419,129,train
4350,12367,train
3770,67438,train
47,47472,train
642,53515,train
3181,14410,train
938,27146,train
3733,44001,train
4623,37668,train
1176,57347,train
3590,44656,train
1379,63984,train
2094,6199,train
1795,24630,train
1548,7297,train
3408,52588,train
3844,61536,train
1539,29224,train
2238,72450,train
3116,56156,train
496,54375,train
229,69959,train
4960,63287,train
4963,50338,train
558,29010,train
2981,69329,train
1664,47181,train
1509,29378,train
542,46438,train
4677,57043,train
4867,47427,train
758,38609,train
4198,4148,train
2178,16535,train
4050,50072,train
905,9262,train
3417,72354,train
79,42117,train
4994,27853,train
3738,23052,train
2796,62814,train
2329,59904,train
1091,26134,train
809,64633,train
1647,34001,train
4864,13236,train
3802,22865,train
2005,50983,train
287,71750,train
879,4808,train
2216,27017,train
163,20426,train
907,38623,train
4130,39616,train
2521,70845,train
3900,12807,train
652,43174,train
3306,46434,train
4652,21796,train
3238,47776,train
629,46218,train
871,11730,train
2167,53032,train
2784,60907,train
2765,31201,train
3507,34230,train
4416,65729,train
4473,58313,train
251,16523,train
1898,25405,train
2134,7384,train
2929,6132,train
338,18051,train
3292,31766,train
5007,42647,train
2478,65643,train
3282,30870,train
940,5934,train
4269,23210,train
1576,21720,train
3034,72348,train
1564,3178,train
2599,5505,train
118,31720,train
37,24977,train
1802,63668,train
2783,35854,train
3768,57044,train
3498,9620,train
744,16685,train
485,67548,train
4893,40826,train
1392,34436,train
4104,38549,train
1341,31125,train
4179,31795,train
4941,10281,train
2898,64974,train
2946,62552,train
3967,42727,train
1986,44202,train
4917,27804,train
1160,52550,train
3512,44834,train
1675,26328,train
4210,13031,train
2214,18680,train
397,11091,train
4059,38014,train
2920,51257,train
2908,28400,train
4031,14414,train
3905,2544,train
139,30683,train
862,37154,train
1547,41424,train
3082,66270,train
2520,12298,train
4241,17569,train
371,43232,train
4184,36045,train
3013,52968,train
4959,55410,train
3614,48459,train
3368,50644,train
3375,11259,train
3889,33308,train
4639,44447,train
3186,8819,train
2889,17236,train
911,48748,train
406,34608,train
1164,53276,train
2526,62454,train
3562,298,train
333,1703,train
3302,8816,train
731,30712,train
4584,25763,train
1124,59940,train
876,19742,train
4618,72188,train
3929,69213,train
2997,4498,train
2711,25095,train
2416,27664,train
4357,38980,train
359,46785,train
1129,156,train
4646,68268,train
1587,28559,train
4471,25404,train
2538,8341,train
4262,17098,train
4030,12990,train
1877,14599,train
77,71673,train
29,69160,train
185,41081,train
1043,68344,train
2234,64494,train
1708,36666,train
443,61350,train
2221,64033,train
494,29158,train
1101,57854,train
3008,563,train
2933,13049,train
1186,16906,train
3639,61475,train
3463,55169,train
4944,9731,train
4545,40887,train
2075,14089,train
4000,51024,train
230,10552,train
2904,28478,train
3113,13176,train
2558,507,train
62,65842,train
1051,51579,train
1914,11134,train
83,66638,train
400,65357,train
684,53016,train
3467,10374,train
154,56939,train
2335,57569,train
2589,31402,train
1902,67942,train
4219,64670,train
1408,32826,train
3213,32602,train
824,26692,train
4009,5834,train
1806,22536,train
1166,33622,train
1785,8644,train
1517,66818,train
2184,17950,train
1860,29525,train
3746,8050,train
4296,21677,train
4284,52361,train
2720,2457,train
3410,28315,train
539,40622,train
3269,44937,train
3822,41153,train
3864,67665,train
2986,33562,train
3343,49459,train
357,42996,train
4038,65257,train
553,13129,train
4406,49190,train
817,25514,train
2398,3724,train
4418,11382,train
889,55721,train
4698,66590,train
999,2454,train
418,45719,train
3403,63764,train
937,56679,train
2280,21826,train
2604,18752,train
681,54182,train
4582,71846,train
1478,42902,train
1266,49412,train
2767,57985,train
273,48588,train
2495,34383,train
3803,365,train
2120,33478,train
955,39250,train
3673,41665,train
4313,68371,train
489,33404,train
656,54866,train
4411,13237,train
2267,70500,train
2294,45033,train
3913,6172,train
1115,809,train
2956,66370,train
3538,28385,train
81,26015,train
1320,52457,train
986,46323,train
822,69645,train
4288,47886,train
4979,23757,train
4321,71143,train
4853,62656,train
2519,11394,train
2171,72514,train
1094,41861,train
4466,21346,train
2480,11904,train
4685,6048,train
3376,12003,train
2827,67880,train
5077,8203,train
2873,69089,train
2962,58061,train
2300,6104,train
1520,17860,train
1883,33298,train
655,41927,train
3520,59309,train
1556,18754,train
967,5694,train
4488,5170,train
1835,31811,train
1926,5723,train
4792,41395,train
3465,62513,train
2356,13620,train
2089,29915,train
3129,7577,train
4090,52500,train
671,967,train
356,5973,train
2351,26993,train
1356,56166,train
814,10324,train
5087,26214,train
464,8595,train
5069,15599,train
2954,52489,train
3834,50495,train
910,15525,train
4361,65966,train
1293,68003,train
463,56735,train
3935,38951,train
457,17718,train
4360,46517,train
475,38165,train
4813,67602,train
2415,67620,train
135,71279,train
50,18587,train
789,57011,train
467,35846,train
26,38047,train
2450,54253,train
3379,10138,train
1771,64412,train
1654,44781,train
4811,20185,train
3487,65731,train
5082,24552,train
4592,6850,train
641,23650,train
5001,56328,train
1140,34728,train
4709,41930,train
4106,50545,train
4845,24018,train
3922,13398,train
1366,35737,train
322,21956,train
1533,31415,train
4740,70677,train
891,24115,train
2754,27717,train
1346,29869,train
2036,24428,train
5008,48109,train
4034,10924,train
925,53538,train
1500,45257,train
1425,1577,train
2436,22259,train
1387,2092,train
2009,19585,train
153,12482,train
4854,8838,train
2691,25625,train
3718,39632,train
2196,21374,train
4965,20634,train
2544,10416,train
3604,39563,train
1206,68908,train
1955,71182,train
3281,55400,train
1104,17708,train
1721,17835,train
2159,64980,train
3658,6528,train
620,34558,train
4412,61684,train
3793,52668,train
3916,6443,train
3428,57288,train
2474,13728,train
4215,51374,train
3748,34700,train
268,17986,train
1480,61512,train
3787,34965,train
1737,54353,train
3070,67343,train
4123,32523,train
2147,58350,train
2403,16980,train
2261,48246,train
4401,14996,train
3986,18134,train
4799,33087,train
4479,23568,train
561,59829,train
2696,4797,train
3531,38742,train
3602,1116,train
3442,62610,train
2347,65321,train
2040,19352,train
4389,63478,train
4408,711,train
4968,45160,train
4114,64196,train
28,54827,train
3448,32563,train
650,10139,train
4890,62576,train
2380,71250,train
4465,8623,train
1483,29233,train
1759,48759,train
4614,56425,train
2775,51084,train
3853,3062,train
1377,40144,train
4827,16605,train
2586,41175,train
3572,31590,train
3910,36548,train
306,16371,train
1644,4538,train
2037,59642,train
2121,23009,train
1560,11605,train
2940,29314,train
1172,30411,train
2644,30482,train
3653,44024,train
3255,8950,train
5085,53525,train
3149,52924,train
2955,13374,train
2427,50309,train
3016,72525,train
2302,30806,train
2594,63193,train
1769,32452,train
1684,12436,train
942,28261,train
6,53882,train
327,65535,train
4964,58209,train
1551,29910,train
2758,63411,train
1384,239,train
2725,40390,train
2892,33876,train
4755,12786,train
1307,27572,train
5072,71957,train
510,19939,train
1058,24168,train
2459,44591,train
3364,66973,train
4549,14943,train
3917,67635,train
4484,38397,train
2410,44510,train
4286,23339,train
1631,45754,train
2591,2573,train
112,36706,train
2191,48851,train
3139,39984,train
2050,22689,train
5000,49929,train
3906,4961,train
3712,3726,train
3165,36375,train
4950,66650,train
1606,32766,train
3941,16876,train
161,16590,train
1126,66362,train
4719,23968,train
2927,57134,train
4593,25798,train
1096,37888,train
2965,10396,train
2170,37320,train
2567,65564,train
4081,41191,train
3519,53302,train
2750,52207,train
1716,1486,train
2792,30752,train
2763,72451,train
33,54401,train
1213,44764,train
2130,55220,train
1469,8723,train
1998,2447,train
2115,8345,train
1449,64750,train
4632,12812,train
1965,8884,train
3128,71387,train
2007,45399,train
7,10434,train
5002,26742,train
4073,10636,train
1925,48693,train
4839,68157,train
4918,41842,train
1514,41820,train
4299,31642,train
866,70380,train
3112,26468,train
3832,64662,train
1179,32645,train
3020,46171,train
4443,41715,train
2777,15533,train
4615,69972,train
766,23645,train
57,66400,train
2145,10716,train
3229,52080,train
1903,43806,train
4566,56600,train
1655,29385,train
508,24892,train
3460,40509,train
1041,57622,train
5012,14688,train
1254,70610,train
3130,34400,train
147,62861,train
1529,34496,train
1842,61299,train
2438,61010,train
936,224,train
2412,32215,train
1477,742,train
2080,27954,train
4345,27789,train
2461,20393,train
2206,71339,train
4826,41652,train
1434,67217,train
461,34376,train
1052,10752,train
1757,3753,train
5052,31836,train
3725,24202,test
4481,66006,test
1545,52089,test
1820,47608,test
1262,48781,test
3618,22877,test
254,32257,test
628,48144,test
3426,19032,test
2687,47405,test
258,28674,test
958,48830,test
4434,16617,test
2839,26480,test
761,4169,test
2177,47607,test
3453,64534,test
4005,15929,test
1917,10390,test
2166,61291,test
3984,7298,test
774,41033,test
2870,61245,test
3533,20655,test
569,39399,test
1203,38255,test
5031,67465,test
606,7446,test
726,50277,test
4485,66945,test
2439,49574,test
4463,57870,test
4612,23599,test
137,11762,test
3536,15990,test
2073,49615,test
4742,5319,test
1928,71590,test
2077,53399,test
2944,5350,test
5017,57333,test
3244,15803,test
409,48298,test
2231,38320,test
1418,50098,test
2667,39042,test
1907,52220,test
1854,42229,test
973,31867,test
3766,55137,test
966,48843,test
811,18412,test
2566,61559,test
3612,50785,test
3634,69370,test
2217,8277,test
4096,15135,test
666,16615,test
4024,27624,test
3163,10624,test
3242,50651,test
159,34567,test
4092,49901,test
1397,71444,test
2097,24342,test
52,59190,test
1497,5137,test
2021,38316,test
2504,46688,test
2043,15225,test
4403,22880,test
716,60665,test
3349,12022,test
2734,7828,test
2844,57944,test
498,21058,test
3579,40702,test
4577,12668,test
4250,45395,test
4407,49277,test
4544,54869,test
3972,69559,test
3694,39834,test
3731,65969,test
4579,17885,test
812,67412,test
1311,27966,test
4547,38287,test
484,53910,test
3172,40379,test
3666,20098,test
4089,36850,test
1568,354,test
3698,37237,test
5056,53478,test
1694,13949,test
844,47876,test
1709,16316,test
920,22952,test
3254,27034,test
3780,29878,test
1549,68994,test
3617,61651,test
1913,10333,test
3300,61437,test
2296,34188,test
3396,19828,test
4072,31390,test
3305,21989,test
4440,65636,test
924,57879,test
1019,38303,test
4383,18578,test
1229,20425,test
481,3009,test
3693,36593,test
4897,57757,test
265,19584,test
808,21397,test
2996,65127,test
1607,15988,test
3118,25218,test
5010,58635,test
4160,71966,test
2180,57270,test
1002,69091,test
2442,6034,test
4661,37492,test
1658,48072,test
3137,43016,test
2010,26247,test
4316,24421,test
772,72547,test
1403,62387,test
948,7273,test
133,31563,test
3697,479,test
1454,62460,test
1789,13862,test
3669,28527,test
4629,30353,test
1936,49797,test
5065,7789,test
3995,30961,test
4590,19271,test
4561,46987,test
4945,24009,test
668,68995,test
3706,22778,test
3670,63282,test
4774,10659,test
3968,41500,test
4714,63467,test
190,24905,test
3432,38783,test
4223,43433,test
3454,62914,test
2751,19209,test
3011,55459,test
2573,4740,test
1581,57468,test
4490,16024,test
2942,32522,test
4278,23989,test
1964,36704,test
94,54385,test
3747,44426,test
3457,1112,test
4983,10995,test
2950,34122,test
3357,32717,test
95,2458,test
4435,54117,test
855,45759,test
1852,28913,test
3730,20625,test
2204,14406,test
2812,32560,test
2704,11727,test
4696,67466,test
3551,20421,test
2068,16113,test
4112,41238,test
3553,23535,test
4498,54400,test
4346,45325,test
4741,49620,test
403,66972,test
1563,47893,test
5044,27616,test
1982,20310,test
3075,58586,test
849,28681,test
586,55420,test
140,20439,test
2297,58359,test
2609,42323,test
2635,8778,test
4139,26062,test
1125,49042,test
1177,4683,test
2087,22891,test
2842,20676,test
653,72823,test
748,60810,test
3184,27380,test
857,14807,test
13,8213,test
1983,11450,test
1127,46093,test
4133,242,test
1369,39927,test
2982,39852,test
380,31741,test
1525,9511,test
5092,56799,test
5025,47461,test
3885,70693,test
2065,65712,test
3073,60358,test
584,47732,test
1309,22001,test
4328,6390,test
4381,14444,test
3187,68408,test
3828,36431,test
1167,26191,test
2728,25219,test
4591,6576,test
3341,51762,test
823,53695,test
220,20463,test
304,41648,test
194,23410,test
1024,18805,test
1573,21785,test
3373,47499,test
4012,41181,test
3150,69979,test
4392,55681,test
182,39912,test
195,64373,test
2512,58568,test
3739,67499,test
1053,42133,test
3992,56616,test
366,58617,test
1720,3640,test
4387,25446,test
3643,59749,test
2114,25996,test
1331,13072,test
2083,11539,test
88,14499,test
3196,57274,test
509,29496,test
1492,40251,test
3026,13439,test
1308,57668,test
1780,15120,test
3592,51073,test
2311,35838,test
4627,40087,test
4240,26935,test
4230,67,test
376,22706,test
4521,34130,test
1822,23543,test
378,28637,test
3616,27523,test
2429,27007,test
2343,22269,test
3063,33726,test
4339,71515,test
3997,18032,test
2575,49903,test
4011,67277,test
3962,55356,test
2625,2849,test
4021,8247,test
3205,17668,test
2247,19419,test
3581,51988,test
2290,61895,test
4701,55591,test
80,57419,test
3210,72594,test
2874,68970,test
2800,8655,test
5057,38349,test
3317,65794,test
3504,10651,test
2454,39593,test
1719,5451,test
640,34363,test
2786,54371,test
4263,61384,test
715,3590,test
4211,19498,test
5081,37680,test
2850,19699,test
3979,31692,test
490,50965,test
3576,3531,test
4162,45563,test
2157,36486,test
2738,57047,test
4259,14892,test
1095,954,test
2275,4591,test
4476,1119,test
3771,36524,test
1409,12414,test
1018,17437,test
2993,59752,test
3279,49196,test
3685,65894,test
4448,69010,test
3120,26777,test
149,58978,test
3485,33960,test
3369,54294,test
1555,59339,test
4596,40323,test
3830,29419,test
3348,68539,test
3005,57983,test
1202,19778,test
972,19101,test
4790,1989,test
3640,27608,test
4777,10119,test
2399,69668,test
3957,28013,test
5,56669,test
3081,7754,test
2181,22414,test
2102,50671,test
3892,47803,test
223,54724,test
3451,14912,test
1612,38094,test
4546,29764,test
4559,61997,test
4395,56339,test
1645,14222,test
2101,24735,test
2314,24289,test
259,10460,test
818,7663,test
4244,13286,test
3573,8584,test
3094,71419,test
2354,33367,test
2193,23413,test
1868,69461,test
2806,17270,test
5070,62425,test
1516,32094,test
3032,58761,test
1929,16600,test
1399,35372,test
3280,22939,test
4319,35095,test
4800,40850,test
1817,36545,test
365,69037,test
4711,52934,test
3293,24245,test
3353,49974,test
3886,54065,test
1945,6844,test
1046,5077,test
2090,62607,test
2930,31600,test
2249,53494,test
1394,40513,test
2646,63337,test
1931,41911,test
1934,68750,test
1244,45554,test
2076,16987,test
1580,66419,test
2620,587,test
4174,6574,test
4306,34415,test
1503,39202,test
3023,32127,test
1079,31166,test
1184,28326,test
1466,44950,test
4015,52024,test
2041,61903,test
3406,5074,test
1614,47350,test
1150,31517,test
4356,52681,test
3759,53552,test
4935,47691,test
3527,61672,test
3623,13817,test
2310,6968,test
5096,41512,test
3248,41182,test
2543,67800,test
3065,46455,test
3177,22964,test
3035,1825,test
2809,56976,test
3831,65673,test
613,22853,test
4507,48721,test
765,42503,test
410,54975,test
4192,33886,test
130,53440,test
3060,32604,test
231,12917,test
75,66159,test
155,24669,test
2059,36750,test
2524,47861,test
852,41537,test
1853,70857,test
981,45224,test
2814,3816,test
4952,16245,test
4635,37640,test
1830,57285,test
815,14491,test
872,2549,test
472,2953,test
1312,4702,test
2407,39129,test
3924,39958,test
5059,64420,test
3318,65955,test
2287,15964,test
375,64489,test
2846,10875,test
915,11743,test
1405,3807,test
829,26999,test
4937,70058,test
368,9404,test
786,24665,test
2414,69502,test
2731,17443,test
1143,59275,test
24,4219,test
2305,57679,test
5047,25102,test
3321,56410,test
2923,39060,test
2208,49672,test
2105,34248,test
2492,65324,test
315,41940,test
4804,9565,test
1591,56309,test
4242,24585,test
2106,65336,test
4779,65892,test
2183,32252,test
4731,17130,test
1009,62187,test
2371,61573,test
1727,16953,test
131,16817,test
723,13365,test
3591,59801,test
3479,3167,test
4436,5987,test
3316,17893,test
89,49130,test
3826,8541,test
1318,7195,test
1199,36820,test
1433,7725,test
4467,36922,test
3763,18140,test
3751,23170,test
884,65698,test
4736,50605,test
3289,11313,test
3603,28247,test
1467,47627,test
2676,22231,test
1220,7167,test
1744,66592,test
1596,16593,test
3087,62833,test
1885,52428,test
299,8831,test
4996,6976,test
5063,68967,test
4238,31131,test
2155,56324,test
3127,53482,test
1102,18414,test
4047,45795,test
1076,57497,test
2463,45864,test
1621,4542,test
3795,46895,test
1295,54383,test
2924,56804,test
3080,47321,test
550,68241,test
1168,69312,test
3761,68631,test
1602,1231,test
4310,59058,test
2598,57086,test
222,12689,test
2884,59223,test
704,18390,test
3471,12259,test
3119,39637,test
3515,49267,test
2225,67956,test
210,33943,test
551,67780,test
611,30753,test
3699,5496,test
4285,57343,test
3510,13171,test
1968,2070,test
3121,60533,test
234,25974,test
1100,27323,test
2958,12092,test
2144,70783,test
2468,11744,test
3491,33252,test
4372,53976,test
502,6072,test
2137,24721,test
2441,3668,test
2377,31893,test
4267,25643,test
2055,31746,test
3286,3984,test
3359,71724,test
3755,45472,test
894,25627,test
347,17608,test
3419,39017,test
4294,32610,test
3367,17623,test
2861,65644,test
2740,28461,test
3735,27176,test
245,49669,test
3258,3180,test
504,69673,test
4855,42563,test
2365,3099,test
3031,65688,test
3574,7964,test
3945,2313,test
582,68245,test
2865,51963,test
3833,51693,test
2612,49972,test
439,58600,test
3477,52472,test
2617,12753,test
450,8233,test
5095,68598,test
3424,22003,test
4608,42841,test
4744,163,test
4364,36633,test
4420,33439,test
2788,2013,test
2288,46483,test
3958,24727,test
5102,45010,test
3756,3942,test
2309,58543,test
1451,36960,test
2716,46256,test
2514,70625,test
2051,37752,test
1971,48775,test
1367,24256,test
3646,31712,test
4500,13598,test
3483,67786,test
3782,5006,test
2304,58253,test
4385,60981,test
2148,18927,test
2409,59000,test
1388,69239,test
2988,47696,test
4723,25408,test
751,25595,test
2136,59745,test
382,46527,test
4662,45658,test
3309,44531,test
2805,35759,test
1074,43146,test
1270,43155,test
1776,25138,test
1834,30620,test
3224,36744,test
1505,72824,test
1733,16028,test
1540,7550,test
2994,47005,test
4787,26305,test
1823,65396,test
4016,58508,test
215,68025,test
2894,32446,test
3046,51809,test
753,49529,test
759,22159,test
3022,35330,test
4254,71900,test
3028,13111,test
4745,55140,test
3563,15136,test
2400,59274,test
4683,29172,test
3304,67654,test
4956,47236,test
2703,16971,test
1524,48184,test
2718,2952,test
3689,29326,test
4413,28382,test
2634,20070,test
242,45535,test
1932,3390,test
2449,70429,test
2961,48922,test
1173,47735,test
3390,46797,test
2301,29694,test
1416,19382,test
4781,59049,test
3936,52792,test
1578,18887,test
2235,34764,test
2390,9986,test
2218,14099,test
3985,43615,test
3182,4964,test
960,47924,test
4847,52978,test
2585,37307,test
3521,69824,test
1241,739,test
4814,40387,test
3147,64986,test
2721,23508,test
1778,35333,test
4923,72186,test
1918,33144,test
3668,11651,test
2112,9199,test
2246,58645,test
1526,19389,test
4405,68853,test
5060,60271,test
4469,22151,test
2298,59347,test
1888,61247,test
4201,44288,test
887,17351,test
2952,53632,test
3088,26267,test
4764,25149,test
1205,39423,test
3057,7799,test
386,63732,test
1942,737,test
1742,35450,test
1597,17175,test
438,67177,test
2245,14404,test
2207,31443,test
31,33879,test
4837,8208,test
3810,22155,test
3943,21333,test
2978,2218,test
4430,60964,test
3335,6540,test
4737,27803,test
1897,47751,test
1894,2019,test
1404,50775,test
3714,68657,test
2510,29514,test
3440,18837,test
76,36236,test
4534,49053,test
1440,57137,test
4756,11935,test
2092,69666,test
2453,7411,test
3695,54111,test
2149,19550,test
165,42899,test
637,3130,test
1415,57124,test
3098,38258,test
379,64553,test
1791,66065,test
2392,46488,test
1396,48836,test
3500,50216,test
1777,17277,test
3389,36728,test
529,7621,test
5005,10829,test
2549,55790,test
1561,47558,test
4236,38074,test
4495,30734,test
2179,66677,test
4885,19165,test
2330,32365,test
977,59178,test
3876,51740,test
4067,11280,test
2527,52593,test
2002,15418,test
4099,40704,test
3805,5500,test
4256,41481,test
1935,32840,test
1119,65258,test
644,23046,test
1240,30328,test
313,55232,test
1063,42821,test
2980,1534,test
4026,4383,test
3102,69643,test
1912,6672,test
3851,6613,test
2230,21969,test
4424,28367,test
2773,72776,test
4046,7524,test
908,26503,test
3145,48064,test
53,47167,test
2983,65358,test
4609,51889,test
4748,2550,test
788,7387,test
864,13907,test
2103,1679,test
4924,40240,test
3721,43492,test
2692,35123,test
2385,60159,test
184,28378,test
1144,45497,test
1618,45976,test
1922,51935,test
2437,19088,test
2957,259,test
2104,66680,test
3096,31932,test
3160,26528,test
4643,65038,test
473,11838,test
2693,20165,test
4366,31153,test
2243,64371,test
865,2314,test
3366,3946,test
2405,47831,test
2807,53862,test
1499,45357,test
3168,19436,test
1261,1164,test
1103,72836,test
2006,6493,test
1884,48739,test
4763,19191,test
4619,60226,test
4613,45530,test
661,71010,test
3216,6852,test
4775,50763,test
4907,39708,test
1315,17222,test
3597,1772,test
108,30456,test
1265,45209,test
4797,7230,test
3385,6973,test
3308,68692,test
1880,49014,test
451,46436,test
4119,7841,test
2909,5841,test
3543,40546,test
3779,5286,test
3231,6295,test
1501,34386,test
283,40311,test
98,8154,test
4100,71298,test
1531,49709,test
446,18108,test
4761,49179,test
1033,4807,test
2072,65252,test
4437,72215,test
4249,56692,test
3207,22917,test
4940,68596,test
4905,49925,test
4966,3251,test
186,16077,test
2817,69665,test
3926,56001,test
1637,47037,test
1765,9034,test
1224,35927,test
395,23462,test
2862,52790,test
4758,48644,test
3265,11861,test
1390,3956,test
4391,63312,test
604,33552,test
1294,59157,test
4103,44965,test
226,32729,test
2592,60683,test
1895,26154,test
449,15689,test
207,35578,test
3303,49556,test
4376,37866,test
1072,65429,test
1874,24066,test
2698,30402,test
2266,40137,test
4218,16320,test
4291,53004,test
3336,31378,test
3401,34257,test
4793,71784,test
3842,62507,test
1015,57212,test
4716,5387,test
633,22678,test
4231,68034,test
3015,51421,test
4682,3609,test
895,7122,test
3055,17697,test
2276,1451,test
1941,62238,test
187,67895,test
4859,54162,test
205,51314,test
61,55927,test
4427,61667,test
1326,64752,test
1679,67963,test
3894,69435,test
3268,24074,test
2576,63457,test
2757,20657,test
3039,9122,test
363,7559,test
719,22485,test
247,34060,test
1121,62756,test
2640,50541,test
4648,26723,test
3532,29613,test
4303,24972,test
3594,41122,test
3622,68447,test
4898,54795,test
1846,61641,test
1567,58015,test
2753,58153,test
1109,32240,test
3846,6948,test
1264,47844,test
3550,52216,test
2642,32183,test
4172,56567,test
2682,67911,test
1148,35295,test
5104,14180,test
1371,50453,test
3625,40210,test
199,491,test
474,9179,test
3322,9955,test
4276,12963,test
1633,6128,test
3893,41554,test
1112,40824,test
3110,72178,test
4902,65333,test
4668,41210,test
119,5563,test
2611,21625,test
4531,43507,test
455,7351,test
965,5684,test
3845,71221,test
253,46136,test
3051,21209,test
4724,69284,test
2760,3843,test
1882,38488,test
741,55592,test
3371,12911,test
3140,59232,test
5006,70593,test
962,40889,test
2987,20006,test
4282,10696,test
4978,22591,test
1325,8951,test
4517,68789,test
5038,58834,test
922,45893,test
4644,3595,test
594,45585,test
2401,29676,test
3820,40353,test
1956,33412,test
3605,49553,test
71,2326,test
2486,28303,test
773,26973,test
4125,16377,test
343,45053,test
2939,52367,test
392,44862,test
38,47306,test
3921,54982,test
2233,31857,test
2319,3045,test
3710,12674,test
1749,21202,test
4912,47153,test
2331,15351,test
3530,58149,test
947,36698,test
4625,37808,test
2875,42938,test
5016,36837,test
989,64464,test
1330,40624,test
3468,37209,test
624,38987,test
912,11745,test
1233,39823,test
4149,57080,test
4315,25718,test
4556,61477,test
3723,17740,test
511,27832,test
2224,48472,test
3993,14399,test
2973,14928,test
4525,10056,test
3225,26603,test
228,31154,test
4908,60426,test
374,58282,test
2284,63990,test
1064,18687,test
4380,45252,test
2100,42624,test
2535,31660,test
916,67864,test
1069,10367,test
2219,37128,test
4638,72160,test
3180,51564,test
2795,315,test
2324,55982,test
4018,29453,test
1463,37907,test
3516,60464,test
1314,47345,test
4061,47271,test
737,36109,test
2684,37972,test
1208,28418,test
3153,16618,test
3395,15383,test
2374,46068,test
2545,19504,test
3214,1213,test
3161,51554,test
4040,67773,test
252,56543,test
3420,13219,test
491,21077,test
1277,33187,test
326,2982,test
2984,36488,test
2979,57494,test
4675,53095,test
1927,29470,test
1042,39120,test
1171,48989,test
3199,27382,test
3208,36204,test
1819,16868,test
