feature,PC1,PC2
log__avg_glucose_level,0.30319161690949464,0.9395859761979417
num__age,0.6264851287323953,-0.13885767156377174
log__bmi,0.540832299054343,-0.21527885696956367
cat__ever_married_No,-0.2557120193273619,0.08751773255685882
cat__ever_married_Yes,0.25571201932736143,-0.08751773255685881
cat__work_type_children,-0.18138107307272405,0.08965040670402158
cat__smoking_status_Unknown,-0.16087013168711073,0.07104623069219014
cat__work_type_Private,0.08438716249717329,-0.06187485572710716
cat__gender_Female,0.013528529297583872,-0.08361842220488828
cat__gender_Male,-0.013413839312866315,0.08326262399436797
